review_id,review_description,rating,thumbs_up,review_date,appVersion,language_code,country_code,has_developer_response,response_delay_days,invalid_response_delay,sentiment,needs_attention,word_count,char_count,exclamation_count,question_count,uppercase_ratio,avg_word_length,review_year,review_month_num,review_month_name,review_quarter,review_day_name,is_weekend,thumbs_up_log,review_length_band,engagement_band,app_version_major,response_delay_band,responded_within_7_days,priority_score,priority_level,predicted_response_probability_oof,predicted_response_class_oof,unanswered_attention_review
81942ead-9d65-4b1a-8aa2-6e21ad5cf5e7,"Still loving it!, the best!",5,0,2024-09-03 00:23:00,23.12.04000,en,us,0,,False,Positive,0,5,27,2,0,0.037037037037037035,4.6,2024,9,Sep,Q3,Tuesday,0,0.0,Very short,No votes,23,,,22.0,Low,0.8190623674398401,1,0
c08cf1e7-45e4-43a3-b86f-51f7809b80a3,Convenient one stop app for all your passwords. Lock in with the app pw and update your other apps pws. Allows backup file to be created so that it can be used on your backup phone as well.,5,0,2024-08-19 03:32:00,23.12.04000,en,us,0,,False,Positive,0,38,189,0,0,0.015873015873015872,4.0,2024,8,Aug,Q3,Monday,0,0.0,Medium,No votes,23,,,35.2,Low,0.933682620889706,1,0
c8937763-e1b4-43b1-9e48-cde58be80111,"Tried several password managers until I came across this one. it dies everything I need to store my passwords safely. No complications like the big name managers. I tried a bunch of those, and they were a waste of tme. And expensuve. For most people, this is all you need.",5,0,2024-07-30 08:07:00,23.12.04000,en,us,0,,False,Positive,0,50,272,0,0,0.025735294117647058,4.46,2024,7,Jul,Q3,Tuesday,0,0.0,Medium,No votes,23,,,40.0,Low,0.9619721122786445,1,0
762baf4b-9109-4b4b-a42f-2291b0486faf,Ok thank you,5,0,2024-06-11 17:20:00,Unknown,en,us,0,,False,Positive,0,3,12,0,0,0.08333333333333333,3.3333333333333335,2024,6,Jun,Q2,Tuesday,0,0.0,Very short,No votes,Unknown,,,21.2,Low,0.7527073936328307,1,0
275a2d36-6d77-44ae-9d7b-8be6ad614e3f,"switched phones and none of my passwords came over to new phone, very upset.",1,0,2024-05-19 19:20:00,23.12.04000,en,us,1,2.1875,False,Negative,1,14,76,0,0,0.0,4.5,2024,5,May,Q2,Sunday,1,0.0,Short,No votes,23,2-7 days,1.0,105.6,High,0.9978828280725832,1,0
b8a5df20-4fee-49c6-843b-3df705749740,I like the simplicity of this app. It does what I want without complex steps. Stores basic details for all your user details in one place.,4,1,2024-05-06 04:16:00,23.12.04000,en,us,1,6.368055555555555,False,Positive,0,26,138,0,0,0.028985507246376812,4.346153846153846,2024,5,May,Q2,Monday,0,0.6931471805599453,Medium,Low,23,2-7 days,1.0,52.4,Medium,0.8917955481873024,1,0
e59f8058-e305-45c4-aad9-c0c7c619d22a,"Excellent, secure and easy to use app. Please keep unlimited saves free, watching ads are worth it and there's not too many of them. Another app which I was using now only lets you save 5 on free version, ONLY because it is made by a well known and more established cyber security company that's been around for decades on PC. I'm assuming a few other more well known ones will be doing the same but this is just as secure as any of them. Love the thumbprint login feature too for quicker access.",5,0,2024-04-27 03:44:00,23.12.04000,en,us,1,15.394444444444444,False,Positive,0,94,496,0,0,0.024193548387096774,4.287234042553192,2024,4,Apr,Q2,Saturday,1,0.0,Long,No votes,23,8-30 days,0.0,40.0,Low,0.8916952159620155,1,0
990b1855-5596-4d35-8280-067a4c529720,"Love this App. It's simple, secure, and great especially so you can access your Password's even if you're away from Wifi.",5,0,2024-03-01 11:01:00,23.12.04000,en,us,0,,False,Positive,0,21,121,0,0,0.04132231404958678,4.809523809523809,2024,3,Mar,Q1,Friday,0,0.0,Medium,No votes,23,,,28.4,Low,0.678327263047425,1,0
9c9153a8-32b2-4fc5-9d09-f5a29390840c,good app,4,0,2024-01-03 22:41:00,23.12.04000,en,us,0,,False,Positive,0,2,8,0,0,0.0,3.5,2024,1,Jan,Q1,Wednesday,0,0.0,Very short,No votes,23,,,40.8,Low,0.9242876701619727,1,0
a565430f-7b7a-4151-9d85-a6f93dd8389f,Easy to use and great for storing passwords. Good security.,5,0,2024-01-02 21:37:00,23.12.04000,en,us,0,,False,Positive,0,10,59,0,0,0.03389830508474576,5.0,2024,1,Jan,Q1,Tuesday,0,0.0,Short,No votes,23,,,24.0,Low,0.397342756781749,0,0
8f6e2b11-8ca7-4409-b09f-776fd117c070,Great,5,0,2023-12-16 07:35:00,23.12.04000,en,us,0,,False,Positive,0,1,5,0,0,0.2,5.0,2023,12,Dec,Q4,Saturday,1,0.0,Very short,No votes,23,,,20.4,Low,0.7581409333466737,1,0
f4546fb2-49e7-46ba-a6ed-eeb6bb92fc77,Only wish the app would autopilot and details visible without clicking on edit.,4,1,2023-10-14 01:43:00,23.09.15000,en,us,1,14.444444444444445,False,Positive,0,13,79,0,0,0.012658227848101266,5.153846153846154,2023,10,Oct,Q4,Saturday,1,0.6931471805599453,Short,Low,23,8-30 days,0.0,47.2,Medium,0.9343941188604089,1,0
935b494e-7bbd-4b6d-9d05-3e488eb1ed2b,Gote,5,0,2023-09-22 17:41:00,Unknown,en,us,0,,False,Positive,0,1,4,0,0,0.25,4.0,2023,9,Sep,Q3,Friday,0,0.0,Very short,No votes,Unknown,,,20.4,Low,0.527647114638433,1,0
64f6d3fc-1143-42b5-9e4f-4a98c3179153,💯❤️,5,0,2023-09-22 05:01:00,Unknown,en,us,1,36.30902777777778,False,Positive,0,1,3,0,0,0.0,3.0,2023,9,Sep,Q3,Friday,0,0.0,Very short,No votes,Unknown,31-180 days,0.0,20.4,Low,0.3894929330835118,0,0
c9de8ef9-20d7-4654-b214-069ea16174d6,Still I Want An Update This Is Not A Safe App Without A Recovery For Password And Email Because Sometimes They Banned Me Without Any Better Reason,1,1,2023-09-18 17:13:00,23.09.15000,en,us,1,39.803472222222226,False,Negative,1,27,146,0,0,0.18493150684931506,4.444444444444445,2023,9,Sep,Q3,Monday,0,0.6931471805599453,Medium,Low,23,31-180 days,0.0,112.8,High,0.9945831950681732,1,0
6308f390-5fc7-4caa-bd2f-267f4946e4d2,Good,5,0,2023-09-03 19:26:00,23.08.27000,en,us,1,54.7125,False,Positive,0,1,4,0,0,0.25,4.0,2023,9,Sep,Q3,Sunday,1,0.0,Very short,No votes,23,31-180 days,0.0,20.4,Low,0.34358625218222605,0,0
7993024e-c837-4c61-a577-affa5a57d8c5,"Great app, been using ot for a few years now and never had any issues. East to use and easy to sync passwords to each device.",5,0,2023-08-25 02:37:00,23.02.25000,en,us,1,0.2743055555555556,False,Positive,0,26,125,0,0,0.016,3.8461538461538463,2023,8,Aug,Q3,Friday,0,0.0,Medium,No votes,23,Within 1 day,1.0,30.4,Low,0.5880741840983349,1,0
1f439183-a0f3-40bd-ae69-a76ff1e879ff,Good,3,0,2023-08-08 14:37:00,23.02.25000,en,us,1,80.91527777777777,False,Neutral,1,1,4,0,0,0.25,4.0,2023,8,Aug,Q3,Tuesday,0,0.0,Very short,No votes,23,31-180 days,0.0,60.4,Medium,0.9558031863154814,1,0
1d5409c3-372a-4c49-9583-301a13bb79bb,"I've been using this app for years, and I absolutely love it. I love that we can finally send a backup to another source, so I don't have to keep downloading it and adding my passwords every time I switch phones.",5,9,2023-07-25 17:53:00,23.02.25000,en,us,1,0.20208333333333334,False,Positive,0,41,212,0,0,0.02358490566037736,4.195121951219512,2023,7,Jul,Q3,Tuesday,0,2.302585092994046,Medium,Medium,23,Within 1 day,1.0,54.400000000000006,Medium,0.7693157405406896,1,0
302564a8-15db-413d-a166-e9286de1efd3,Easy to use. Great having to remember only one password. It needs to have more categories for easier queries.,4,3,2023-07-23 20:11:00,23.02.25000,en,us,1,96.68402777777777,False,Positive,0,19,109,0,0,0.027522935779816515,4.7894736842105265,2023,7,Jul,Q3,Sunday,1,1.3862943611198906,Short,Medium,23,31-180 days,0.0,53.6,Medium,0.8718742291778303,1,0
99df5404-b4e4-4a06-aa5c-382a667d65bf,Love your app😘😘😘😘,5,0,2023-07-16 02:08:00,23.02.25000,en,us,1,104.43680555555555,False,Positive,0,3,17,0,0,0.058823529411764705,5.0,2023,7,Jul,Q3,Sunday,1,0.0,Very short,No votes,23,31-180 days,0.0,21.2,Low,0.611193492588644,1,0
d311db8e-a04a-48ea-9307-91fe7c91b868,Faina aplicația. E simplă și are tot ce am nevoie. Imi place că pot sa pun icoane personalizate si ca am auto backup,5,0,2023-07-11 13:21:00,23.02.25000,en,us,0,,False,Positive,0,23,116,0,0,0.02586206896551724,4.086956521739131,2023,7,Jul,Q3,Tuesday,0,0.0,Medium,No votes,23,,,29.200000000000003,Low,0.8587916969039274,1,0
7377d064-c17b-422a-8da3-7d42a175f289,Very good,5,0,2023-06-30 21:07:00,23.02.25000,en,us,1,119.64583333333333,False,Positive,0,2,9,0,0,0.1111111111111111,4.0,2023,6,Jun,Q2,Friday,0,0.0,Very short,No votes,23,31-180 days,0.0,20.8,Low,0.26654434275139327,0,0
e62c5618-3d5e-4c38-8495-710b8f948ef6,Great app. Nice to have: Copy and paste without edit or direct auto fill of password.,5,5,2023-06-17 13:05:00,23.02.25000,en,us,0,,False,Positive,0,16,85,0,0,0.03529411764705882,4.375,2023,6,Jun,Q2,Saturday,1,1.791759469228055,Short,Medium,23,,,36.4,Low,0.7363756102798527,1,0
ae1fa209-e345-4e10-8dab-3d3c85bc3ac5,Love this application,5,0,2023-05-29 20:39:00,18.0.0,en,us,1,0.007638888888888889,False,Positive,0,3,21,0,0,0.047619047619047616,6.333333333333333,2023,5,May,Q2,Monday,0,0.0,Very short,No votes,18,Within 1 day,1.0,21.2,Low,0.23540971260302831,0,0
8eb79704-0fe1-4e0e-b15d-87a0614f6141,I downloaded this app so I wouldn't have to guess and make up one!! The very first thing I have to do with this when I open it is MAKE UP A PASSWORD!!!,1,1,2023-04-28 10:35:00,Unknown,en,us,1,183.08819444444444,False,Negative,1,33,151,5,0,0.13245033112582782,3.606060606060606,2023,4,Apr,Q2,Friday,0,0.6931471805599453,Medium,Low,Unknown,Over 180 days,0.0,115.2,High,0.9355219969484483,1,0
9b655e5c-ed7b-42b8-a777-b1db85a028d7,Excellent,5,0,2023-04-22 02:21:00,23.02.25000,en,us,1,189.43194444444444,False,Positive,0,1,9,0,0,0.1111111111111111,9.0,2023,4,Apr,Q2,Saturday,1,0.0,Very short,No votes,23,Over 180 days,0.0,20.4,Low,0.531358088757729,1,0
7227c565-6380-4bab-a185-9e75b175fba1,"Been using for several years and I still love it!!! Easy to use, convenient, it's exactly what I needed one place to put all those irritating passwords that have to be changed every time I turn around. --- One app that hasn't changed in a long list of installs and uninstalled...this has stood the test of time.",5,5,2023-02-28 21:28:00,23.02.25000,en,us,1,0.19375,False,Positive,0,57,311,3,0,0.01929260450160772,4.473684210526316,2023,2,Feb,Q1,Tuesday,0,1.791759469228055,Long,Medium,23,Within 1 day,1.0,50.0,Medium,0.5027924053627361,1,0
dda87238-d4c4-4463-8d31-f8f76b81edee,"Hello, can you please tell me how to recover the login password...I am totally locked out as I cant login and access other passwords. Thanks great work.",5,2,2023-01-07 21:34:00,22.12.24000,en,us,1,,True,Positive,0,27,152,0,0,0.02631578947368421,4.666666666666667,2023,1,Jan,Q1,Saturday,1,1.0986122886681098,Medium,Low,22,,0.0,34.8,Low,0.8532165336366286,1,0
7df89e33-4fc1-4d36-9038-c726cea4f66a,"Easy, user friendly & what i like the most, backup files can be saved in various ways",5,1,2023-01-02 05:50:00,Unknown,en,us,1,0.7770833333333333,False,Positive,0,17,85,0,0,0.011764705882352941,4.0588235294117645,2023,1,Jan,Q1,Monday,0,0.6931471805599453,Short,Low,Unknown,Within 1 day,1.0,28.8,Low,0.22359672736337272,0,0
34b63e1b-d877-422d-b642-da50984cc4cc,Great for saving password,5,0,2022-12-29 23:29:00,22.12.24000,en,us,1,0.5409722222222222,False,Positive,0,4,25,0,0,0.04,5.5,2022,12,Dec,Q4,Thursday,0,0.0,Very short,No votes,22,Within 1 day,1.0,21.6,Low,0.7125130524469084,1,0
72bd8e04-fb56-4626-a3fc-a17e83bf5e2a,The initial problem of downloading my backup has been resolved though had a few issues that I managed to sort So I wanted a paper print out as I want to review and change some passwords but what used to be a 6 page print out is now 28+ pages as the conversion to PDF includes all the tags several times over plus some other data it did not used to this happens on both phones so is not a phone issue. Otherwise I am impressed get this bug squashed and I will buy the full version.,3,10,2022-12-28 18:38:00,22.12.24000,en,us,1,11.234722222222222,False,Neutral,1,97,480,0,0,0.022916666666666665,3.9587628865979383,2022,12,Dec,Q4,Wednesday,0,2.3978952727983707,Long,Medium,22,8-30 days,0.0,100.0,High,0.9980691741046851,1,0
5f06fefc-907d-4294-994d-bceed8c7c2e0,Super useful! Not a single complain at all.,5,0,2022-12-27 11:19:00,22.12.18000,en,us,1,1.30625,False,Positive,0,8,43,1,0,0.046511627906976744,4.5,2022,12,Dec,Q4,Tuesday,0,0.0,Short,No votes,22,2-7 days,1.0,23.2,Low,0.7704472149094914,1,0
6822fb8c-3a28-4a64-ab5f-d0923c0626aa,Great,5,0,2022-12-19 00:59:00,22.11.23001,en,us,1,2.495833333333333,False,Positive,0,1,5,0,0,0.2,5.0,2022,12,Dec,Q4,Monday,0,0.0,Very short,No votes,22,2-7 days,1.0,20.4,Low,0.604245434247233,1,0
64c3ce2e-ea60-4b23-ac4e-dd9a43035c12,Really useful,5,0,2022-12-09 16:09:00,22.11.23001,en,us,1,1.0125,False,Positive,0,2,13,0,0,0.07692307692307693,6.0,2022,12,Dec,Q4,Friday,0,0.0,Very short,No votes,22,2-7 days,1.0,20.8,Low,0.8021997382660252,1,0
f15534a2-1576-413c-b144-45596bc4feac,Fantastic!,5,0,2022-12-08 21:48:00,22.11.23001,en,us,1,1.7770833333333333,False,Positive,0,1,10,1,0,0.1,10.0,2022,12,Dec,Q4,Thursday,0,0.0,Very short,No votes,22,2-7 days,1.0,20.4,Low,0.8497001961454508,1,0
7d64e4c2-e730-4976-b0ae-2555d64c6f38,"The update threw me for a loop, but otherwise this app is a lifesaver.",5,0,2022-12-08 18:55:00,22.11.23001,en,us,0,,False,Positive,0,14,70,0,0,0.014285714285714285,4.071428571428571,2022,12,Dec,Q4,Thursday,0,0.0,Short,No votes,22,,,25.6,Low,0.9138872306165324,1,0
33ac1dee-a328-4f0c-adc2-7a7ee7d3afe5,Do not install this app no support won't even respond to texts installed password option to manager pass it has locked me out after first time using that feature It seems I am stocked Writing this in hope someone sees it and maybe I get help Just discovered have no option to send this review,1,1,2022-12-07 20:05:00,22.11.23001,en,us,1,324.70625,False,Negative,1,55,292,0,0,0.02054794520547945,4.327272727272727,2022,12,Dec,Q4,Wednesday,0,0.6931471805599453,Long,Low,22,Over 180 days,0.0,122.0,High,0.9999319122451054,1,0
be9ecb47-83c9-4687-bd97-b406e27c02b0,I love this ap. All of my passwords in one place.,4,0,2022-12-05 03:02:00,22.11.23001,en,us,1,0.7569444444444444,False,Positive,0,11,49,0,0,0.04081632653061224,3.5454545454545454,2022,12,Dec,Q4,Monday,0,0.0,Short,No votes,22,Within 1 day,1.0,44.4,Low,0.939915655325796,1,0
63f04896-4657-4886-8cc0-e87dbe527c84,This app lost all my stored passwords one day it was fi e the next nothing.....,1,0,2022-12-02 18:34:00,22.11.23001,en,us,1,329.7715277777778,False,Negative,1,16,79,0,0,0.012658227848101266,4.0,2022,12,Dec,Q4,Friday,0,0.0,Short,No votes,22,Over 180 days,0.0,106.4,High,0.9999124770479664,1,0
0b0a1256-eb5c-4c48-9bf1-da2e07ad827c,I like it!,5,0,2022-09-26 21:38:00,18.0.0,en,us,0,,False,Positive,0,3,10,1,0,0.1,2.6666666666666665,2022,9,Sep,Q3,Monday,0,0.0,Very short,No votes,18,,,21.2,Low,0.29556343636874177,0,0
5871a746-5c13-47e8-a3aa-12d7d92d971e,EDIT Used for years but now won't back up and no response from reports 😡 Brilliant app... nice clear appearance. Love it that can match icons and make own categories. So useful to have to hand. Thank you xx,2,3,2022-05-31 20:20:00,18.0.0,en,us,1,514.7027777777778,False,Negative,1,39,206,0,0,0.043689320388349516,4.3076923076923075,2022,5,May,Q2,Tuesday,0,1.3862943611198906,Medium,Medium,18,Over 180 days,0.0,101.6,High,0.964736236334452,1,0
72085cd9-d0c1-4205-883a-6e9f829e7661,"This is a ""Very Good"" appt for password storage. I use it quite frequent.",5,0,2022-04-07 21:51:00,18.0.0,en,us,0,,False,Positive,0,14,73,0,0,0.0547945205479452,4.285714285714286,2022,4,Apr,Q2,Thursday,0,0.0,Short,No votes,18,,,25.6,Low,0.16861875690902703,0,0
201ced7f-6328-44b2-b2ab-cbc8a2d5fd61,Nice app. Wish I could share the data with my other devices,3,0,2022-04-03 21:51:00,18.0.0,en,us,1,572.6409722222222,False,Neutral,1,12,59,0,0,0.05084745762711865,4.0,2022,4,Apr,Q2,Sunday,1,0.0,Short,No votes,18,Over 180 days,0.0,64.8,Medium,0.7831869412782888,1,0
21dd881e-6890-4647-9f68-cb6933a87dd0,I just started using this app so I'm not going to give it 5 stars yet . But let's see hopefully this one will work out. JMM,3,0,2022-02-25 05:02:00,18.0.0,en,us,1,610.3423611111111,False,Neutral,1,27,123,0,0,0.04878048780487805,3.5925925925925926,2022,2,Feb,Q1,Friday,0,0.0,Medium,No votes,18,Over 180 days,0.0,70.8,High,0.7293595309262887,1,0
19c504aa-9098-44bc-8f80-a2465f4d7b5b,Great,5,0,2022-02-18 20:49:00,18.0.0,en,us,0,,False,Positive,0,1,5,0,0,0.2,5.0,2022,2,Feb,Q1,Friday,0,0.0,Very short,No votes,18,,,20.4,Low,0.08762142292215834,0,0
c1d37bc3-73cb-436b-9283-8640b007f336,Thank you so much ❤️ have a great day,5,1,2022-01-27 21:51:00,Unknown,en,us,0,,False,Positive,0,9,37,0,0,0.02702702702702703,3.2222222222222223,2022,1,Jan,Q1,Thursday,0,0.6931471805599453,Short,Low,Unknown,,,25.6,Low,0.4170150372716946,0,0
a812dd8a-9291-4034-a40f-228cf324b6b1,Okay so far!🇺🇸🇺🇸 future now greatest thing I've seen 🙌 👏/saved me!!!🇺🇸🇺🇸🐕‍🦺,5,0,2022-01-03 20:10:00,Unknown,en,us,0,,False,Positive,0,12,75,4,0,0.02666666666666667,5.333333333333333,2022,1,Jan,Q1,Monday,0,0.0,Short,No votes,Unknown,,,24.8,Low,0.11236387157769304,0,0
7fd56238-57fa-460b-9bb9-959dc79e38dd,. No way to import passwords.,2,0,2021-10-02 19:15:00,18.0.0,en,us,1,755.7534722222222,False,Negative,1,6,29,0,0,0.034482758620689655,4.0,2021,10,Oct,Q4,Saturday,1,0.0,Short,No votes,18,Over 180 days,0.0,82.4,High,0.9518455760955064,1,0
3348781b-ed1c-447c-8fe0-3f887ec2c5b3,Saves my all password with just 1 password. I'm using it from a year ago and it's still super useful.,5,6,2021-08-02 10:19:00,18.0.0,en,us,0,,False,Positive,0,20,101,0,0,0.019801980198019802,4.1,2021,8,Aug,Q3,Monday,0,1.9459101490553132,Short,Medium,18,,,40.0,Low,0.2091603066379467,0,0
b4a97964-5ec6-48ee-8069-ea69aa952ae8,Great app I have used it for years and thankful it does the job well,5,1,2021-04-17 11:35:00,18.0.0,en,us,0,,False,Positive,0,15,68,0,0,0.029411764705882353,3.6,2021,4,Apr,Q2,Saturday,1,0.6931471805599453,Short,Low,18,,,28.0,Low,0.1711475411876555,0,0
1f452402-1ff3-45e3-a9a2-b9c09e8b5a87,👌,5,0,2021-02-26 07:06:00,18.0.0,en,us,0,,False,Positive,0,1,1,0,0,0.0,1.0,2021,2,Feb,Q1,Friday,0,0.0,Very short,No votes,18,,,20.4,Low,0.07810784097081806,0,0
3cba1e68-0ec7-4b25-8fee-0a6631316bf4,"Very good application, easy to use",5,1,2021-01-02 17:13:00,18.0.0,en,us,0,,False,Positive,0,6,34,0,0,0.029411764705882353,4.833333333333333,2021,1,Jan,Q1,Saturday,1,0.6931471805599453,Short,Low,18,,,24.4,Low,0.0821851177762952,0,0
cc890337-30b6-4c55-997d-0f39a33fb32c,"Warning do not install. If you ever want to change your phone. App developers are not responding , leaving feedback/issues through the app does not work and backing up or restoring of data is no longer supported",1,19,2020-11-18 17:15:00,18.0.0,en,us,1,1073.8395833333334,False,Negative,1,37,211,0,0,0.014218009478672985,4.72972972972973,2020,11,Nov,Q4,Wednesday,0,2.995732273553991,Medium,High,18,Over 180 days,0.0,152.8,High,0.9529365237760585,1,0
a4f9cf73-88de-426a-93ca-6aa6c353906c,"Hi wont restore from my google drive Says "" password manager requires one or more google play services that are not currently available. Please contact the developer for assistance"" I've never had this issue before. Please help, when I try to get help says no internet connection",1,7,2020-11-16 16:25:00,Unknown,en,us,1,1075.875,False,Negative,1,47,279,0,0,0.021505376344086023,4.957446808510638,2020,11,Nov,Q4,Monday,0,2.0794415416798357,Medium,Medium,Unknown,Over 180 days,0.0,132.8,High,0.9965046524273875,1,0
d0b23a55-db9a-45b4-96f7-176c10288823,Good,4,0,2020-09-17 23:58:00,18.0.0,en,us,0,,False,Positive,0,1,4,0,0,0.25,4.0,2020,9,Sep,Q3,Thursday,0,0.0,Very short,No votes,18,,,40.4,Low,0.13071443093472043,0,0
3a4b58d5-7fe3-47d0-a155-611a9ebf7560,Update App please.,5,0,2020-09-16 06:15:00,18.0.0,en,us,0,,False,Positive,0,3,18,0,0,0.1111111111111111,5.333333333333333,2020,9,Sep,Q3,Wednesday,0,0.0,Very short,No votes,18,,,21.2,Low,0.07051057914440735,0,0
35594743-0b65-4e55-842e-3e2e32e86ac2,Very helpful app,5,0,2020-09-06 03:46:00,18.0.0,en,us,0,,False,Positive,0,3,16,0,0,0.0625,4.666666666666667,2020,9,Sep,Q3,Sunday,1,0.0,Very short,No votes,18,,,21.2,Low,0.10283065798763219,0,0
88b34d21-c249-49c2-9297-8fbafc6887f9,I love this app! It's so easy to use & no complex icons in the password setup features. Still loving it.,5,3,2020-08-19 02:33:00,18.0.0,en,us,0,,False,Positive,0,21,104,1,0,0.028846153846153848,4.0,2020,8,Aug,Q3,Wednesday,0,1.3862943611198906,Medium,Medium,18,,,34.4,Low,0.09211457128932217,0,0
17c9797d-ef6a-424c-8665-a986a9b0e112,"I'm having problem to backup all passwords to Google drive. Error message says: password manager requires one or more Google play services. Please contact the deleveloper. I have backed up all passwords to my Google drive several times earlier, but now I can't. Please provide me a solution. Also I tried to use the option ""report an issue"" from the app inside, which too doesn't work saying ""something went wrong, check your internet connection"", although internet was working.",4,31,2020-08-08 01:20:00,18.0.0,en,us,0,,False,Positive,0,78,478,0,0,0.02301255230125523,5.141025641025641,2020,8,Aug,Q3,Saturday,1,3.4657359027997265,Long,High,18,,,100.0,High,0.8848741853726398,1,0
2c9df9ed-439a-4bbc-91b2-149206444621,Simple to use and effective.,5,0,2020-07-17 16:58:00,18.0.0,en,us,0,,False,Positive,0,5,28,0,0,0.03571428571428571,4.8,2020,7,Jul,Q3,Friday,0,0.0,Very short,No votes,18,,,22.0,Low,0.06351713491095666,0,0
eb2aa81b-e705-4737-8a29-3966c9302df7,Best password app yet!,4,0,2020-06-08 16:41:00,18.0.0,en,us,0,,False,Positive,0,4,22,1,0,0.045454545454545456,4.75,2020,6,Jun,Q2,Monday,0,0.0,Very short,No votes,18,,,41.6,Low,0.27313274112663144,0,0
cf24cfe6-6fa0-4b15-84e2-be241ef0a553,Works well,5,0,2020-05-04 04:40:00,18.0.0,en,us,0,,False,Positive,0,2,10,0,0,0.1,4.5,2020,5,May,Q2,Monday,0,0.0,Very short,No votes,18,,,20.8,Low,0.08265195955895588,0,0
ed42d5d7-4ec3-42e6-bde1-1a26b540fa14,"Great app, easy to use",5,0,2020-04-02 08:43:00,18.0.0,en,us,0,,False,Positive,0,5,22,0,0,0.045454545454545456,3.6,2020,4,Apr,Q2,Thursday,0,0.0,Very short,No votes,18,,,22.0,Low,0.04694435049952764,0,0
1c738eed-dbcc-474a-b8e2-1e50afa6ee3d,Easy,5,0,2020-03-18 15:26:00,18.0.0,en,us,0,,False,Positive,0,1,4,0,0,0.25,4.0,2020,3,Mar,Q1,Wednesday,0,0.0,Very short,No votes,18,,,20.4,Low,0.047147630165834065,0,0
a9ac33b8-1a1b-41c6-902f-7c03593047fc,I keeps me in order. I love it and have recommend that my daughter use it.,5,2,2020-03-18 00:00:00,18.0.0,en,us,0,,False,Positive,0,16,74,0,0,0.02702702702702703,3.6875,2020,3,Mar,Q1,Wednesday,0,1.0986122886681098,Short,Low,18,,,30.4,Low,0.08481934045785854,0,0
b3ceb31f-2b9e-48a8-819f-c5f19909f6c4,Great app for keeping track of the many password changes to the different apps,5,0,2020-03-12 19:22:00,18.0.0,en,us,0,,False,Positive,0,14,78,0,0,0.01282051282051282,4.642857142857143,2020,3,Mar,Q1,Thursday,0,0.0,Short,No votes,18,,,25.6,Low,0.08478971639407297,0,0
7252195c-b0c0-4764-acc1-1e35b4b7576b,This app has been a life saver. Having so many passwords to keep up with can be difficult but this app allows me to keep all of them in one spot.,4,7,2020-02-20 18:43:00,Unknown,en,us,0,,False,Positive,0,31,145,0,0,0.013793103448275862,3.7096774193548385,2020,2,Feb,Q1,Thursday,0,2.0794415416798357,Medium,Medium,Unknown,,,66.4,Medium,0.6041140526240643,1,0
687e4935-93ba-454e-bac0-442b188c63b4,I love it,5,0,2020-01-08 23:01:00,18.0.0,en,us,0,,False,Positive,0,3,9,0,0,0.1111111111111111,2.3333333333333335,2020,1,Jan,Q1,Wednesday,0,0.0,Very short,No votes,18,,,21.2,Low,0.05398421627926143,0,0
3a81dd9c-36b1-473b-8703-f28fe6efffd2,Great app!,5,0,2020-01-04 07:34:00,18.0.0,en,us,0,,False,Positive,0,2,10,1,0,0.1,4.5,2020,1,Jan,Q1,Saturday,1,0.0,Very short,No votes,18,,,20.8,Low,0.02885406716742554,0,0
a8d8574a-dd23-4b32-b58e-5a11c2e0799e,It easy and so fare works,5,1,2020-01-03 09:57:00,18.0.0,en,us,0,,False,Positive,0,6,25,0,0,0.04,3.3333333333333335,2020,1,Jan,Q1,Friday,0,0.6931471805599453,Short,Low,18,,,24.4,Low,0.039648345993841774,0,0
76c8e3e3-fec7-4390-be5b-85415075b003,Very good apps,4,0,2019-12-30 16:29:00,18.0.0,en,us,0,,False,Positive,0,3,14,0,0,0.07142857142857142,4.0,2019,12,Dec,Q4,Monday,0,0.0,Very short,No votes,18,,,41.2,Low,0.18914314231688825,0,0
9a17a977-d1cb-49d9-bd48-1ad57cc37444,Just the best,5,0,2019-12-17 16:41:00,18.0.0,en,us,0,,False,Positive,0,3,13,0,0,0.07692307692307693,3.6666666666666665,2019,12,Dec,Q4,Tuesday,0,0.0,Very short,No votes,18,,,21.2,Low,0.11523148542567754,0,0
7aada3e2-a836-421a-9e09-412bc195a055,Love this app!!! Just don't forget your password!! It's so well protected your the only one who can open your information .,5,5,2019-12-06 22:05:00,18.0.0,en,us,0,,False,Positive,0,22,123,5,0,0.024390243902439025,4.636363636363637,2019,12,Dec,Q4,Friday,0,1.791759469228055,Medium,Medium,18,,,38.8,Low,0.03004064572901944,0,0
0e38226c-ba5c-4e2e-93fa-b03d519e872c,good,5,0,2019-11-16 06:29:00,18.0.0,en,us,0,,False,Positive,0,1,4,0,0,0.0,4.0,2019,11,Nov,Q4,Saturday,1,0.0,Very short,No votes,18,,,20.4,Low,0.07806533684928156,0,0
ffa16d3e-a6ff-4c89-b95c-f0d2b05ed4b1,Excellent app.,5,0,2019-09-29 13:30:00,18.0.0,en,us,0,,False,Positive,0,2,14,0,0,0.07142857142857142,6.5,2019,9,Sep,Q3,Sunday,1,0.0,Very short,No votes,18,,,20.8,Low,0.14434003896151004,0,0
42322da2-d48f-454c-b66a-f210a56f12a9,The best password manager I've used so far 😊,5,1,2019-08-21 18:43:00,18.0.0,en,us,0,,False,Positive,0,9,44,0,0,0.045454545454545456,4.0,2019,8,Aug,Q3,Wednesday,0,0.6931471805599453,Short,Low,18,,,25.6,Low,0.05435000166069893,0,0
51bc3f3e-a922-4f65-99d5-dee38215ee26,Easy to use. Great off-line app.,4,2,2019-06-20 23:12:00,18.0.0,en,us,0,,False,Positive,0,6,32,0,0,0.0625,4.5,2019,6,Jun,Q2,Thursday,0,1.0986122886681098,Short,Low,18,,,46.4,Medium,0.09670045838961724,0,0
25c383ef-cf3f-4ecb-a870-e5bd89e32d35,Keeps me organized and avoids pulling my hair out! Recommended by an IT friend.,5,2,2019-06-01 05:16:00,18.0.0,en,us,0,,False,Positive,0,14,79,1,0,0.05063291139240506,4.714285714285714,2019,6,Jun,Q2,Saturday,1,1.0986122886681098,Short,Low,18,,,29.6,Low,0.08753260093370975,0,0
330ab77c-e04f-4fe4-8a75-cab017309212,Awesome,5,3,2019-06-01 03:13:00,18.0.0,en,us,0,,False,Positive,0,1,7,0,0,0.14285714285714285,7.0,2019,6,Jun,Q2,Saturday,1,1.3862943611198906,Very short,Medium,18,,,26.4,Low,0.052437017084840463,0,0
47aadc96-1598-439d-aba7-8b03104eadf4,Has some Icons. Doesn't have MeWe Social Network icon 🤔. Secure. I'm happy 😊.,5,2,2019-04-28 13:18:00,18.0.0,en,us,0,,False,Positive,0,14,77,0,0,0.11688311688311688,4.571428571428571,2019,4,Apr,Q2,Sunday,1,1.0986122886681098,Short,Low,18,,,29.6,Low,0.036834905432215355,0,0
144014c2-8a38-4b99-859a-7b5cd13ffd6b,good,4,1,2019-03-25 17:41:00,18.0.0,en,us,0,,False,Positive,0,1,4,0,0,0.0,4.0,2019,3,Mar,Q1,Monday,0,0.6931471805599453,Very short,Low,18,,,42.4,Low,0.09735957081733922,0,0
d86a4a1a-6077-48ef-accf-0675ca6a4fc7,easy to use,5,2,2019-03-01 10:39:00,18.0.0,en,us,0,,False,Positive,0,3,11,0,0,0.0,3.0,2019,3,Mar,Q1,Friday,0,1.0986122886681098,Very short,Low,18,,,25.2,Low,0.03791920742390733,0,0
5518e3a4-c32e-4a58-88ad-74b38422e827,Convenient pw storage. Just a master pw to keep app safe. Also backup to cloud drive.,5,5,2019-01-14 07:01:00,18.0.0,en,us,0,,False,Positive,0,16,85,0,0,0.03529411764705882,4.375,2019,1,Jan,Q1,Monday,0,1.791759469228055,Short,Medium,18,,,36.4,Low,0.02882870427377751,0,0
89ea1107-fec1-4b0f-b699-29827cf605fc,"Secure 🔐. Works perfectly. I was able to recover my data after multiple bootloader failures! The only feature I would like to have is, customizable icons - Create my own standard icons. e.g. Specific icons unique to my country.",5,11,2018-12-02 05:40:00,Unknown,en,us,0,,False,Positive,0,39,227,1,0,0.030837004405286344,4.846153846153846,2018,12,Dec,Q4,Sunday,1,2.4849066497880004,Medium,High,Unknown,,,57.6,Medium,0.4268034883443547,0,0
94862be6-b778-4bae-b248-88da18f41c36,Easy t manage,5,2,2018-11-30 18:44:00,18.0.0,en,us,0,,False,Positive,0,3,13,0,0,0.07692307692307693,3.6666666666666665,2018,11,Nov,Q4,Friday,0,1.0986122886681098,Very short,Low,18,,,25.2,Low,0.054881279894380096,0,0
4aec16a3-a2ae-48d8-ac00-0667e9073c55,Very good app. I just need to know what happens if I loose my phone? How do get my info back in secure mode??,4,14,2018-11-26 00:21:00,18.0.0,en,us,1,0.1486111111111111,False,Positive,0,24,109,0,3,0.03669724770642202,3.5833333333333335,2018,11,Nov,Q4,Monday,0,2.70805020110221,Medium,High,18,Within 1 day,1.0,89.6,High,0.24149832531918863,0,0
e7f945c6-0658-436e-bfff-006512f6ec90,Great .. I use it all the time !,5,1,2018-10-18 00:43:00,18.0.0,en,us,0,,False,Positive,0,9,32,1,0,0.0625,2.6666666666666665,2018,10,Oct,Q4,Thursday,0,0.6931471805599453,Short,Low,18,,,25.6,Low,0.04532765664808554,0,0
7fe2eb4e-0cd8-4441-b185-641e1a397e68,"Great app, easy to use. I have no issues",5,2,2018-09-10 07:21:00,18.0.0,en,us,0,,False,Positive,0,9,40,0,0,0.05,3.5555555555555554,2018,9,Sep,Q3,Monday,0,1.0986122886681098,Short,Low,18,,,27.6,Low,0.041071632377346026,0,0
bf75e5c9-20bd-4285-a3b8-6ad43b76a83b,Easy to use. Previously I was able to restore my backup data multiple times due to bootloader failures on my LG-G3. This is a must for all smartphone. I've lost data so many times before. Transferring my data to my current phone was a simple and easy. Excellent job! Thank you so much...Very happy with the new feature. Fingerprint scan is very nice!,5,15,2018-08-31 00:30:00,18.0.0,en,us,0,,False,Positive,0,63,350,2,0,0.037142857142857144,4.571428571428571,2018,8,Aug,Q3,Friday,0,2.772588722239781,Long,High,18,,,70.0,Medium,0.0928430452740511,0,0
38b16f09-b02a-48de-87ce-fd1a389f1872,I really recommend this app.. it's a nice app ever that we could use.. very organized for account to keep your password and email with matching icon that reflects to the account that related to.. so useful and manageable.. its better to organized with style but simply.. I love it!!!!,5,2,2018-08-22 18:06:00,17.0.0,en,us,0,,False,Positive,0,50,284,4,0,0.007042253521126761,4.7,2018,8,Aug,Q3,Wednesday,0,1.0986122886681098,Medium,Low,17,,,44.0,Low,0.10395725946335667,0,0
de7e56af-a0c9-432b-85ab-8483a6082b3c,Is this app available on my laptop?,4,1,2018-08-03 17:57:00,17.0.0,en,us,0,,False,Positive,0,7,35,0,1,0.02857142857142857,4.142857142857143,2018,8,Aug,Q3,Friday,0,0.6931471805599453,Short,Low,17,,,48.8,Medium,0.5129382808043057,1,0
52632cad-7cc1-4b8e-937a-b7cfef5d838a,"Loved the app for awhile but recently it has wiped all my passwords twice. 
You don't get a third strike with me. Uninstalling because I can't trust 
this app.",1,1,2018-08-01 00:19:00,17.0.0,en,us,1,31.028472222222224,False,Negative,1,29,159,0,0,0.025157232704402517,4.448275862068965,2018,8,Aug,Q3,Wednesday,0,0.6931471805599453,Medium,Low,17,31-180 days,0.0,113.6,High,0.9866047009279847,1,0
300da08c-1821-4454-860b-a32371e9664e,"This is the easiest security app I have found. It makes storing passwords 
simple.",5,1,2018-05-02 08:51:00,17.0.0,en,us,0,,False,Positive,0,14,82,0,0,0.036585365853658534,4.857142857142857,2018,5,May,Q2,Wednesday,0,0.6931471805599453,Short,Low,17,,,27.6,Low,0.05245844328202187,0,0
7521a973-70e7-47fa-b35d-bac8800e023f,Good quality easy to set up and use,5,1,2018-03-24 04:07:00,17.0.0,en,us,0,,False,Positive,0,8,35,0,0,0.02857142857142857,3.5,2018,3,Mar,Q1,Saturday,1,0.6931471805599453,Short,Low,17,,,25.2,Low,0.046486215019665454,0,0
80e63126-58d4-4b1b-83a9-783e8940b47d,Easy to use and handy.,5,2,2018-03-13 19:48:00,17.0.0,en,us,0,,False,Positive,0,5,22,0,0,0.045454545454545456,3.6,2018,3,Mar,Q1,Tuesday,0,1.0986122886681098,Very short,Low,17,,,26.0,Low,0.03361204129223682,0,0
9eb93dbc-7003-437e-9a40-d4c5a698aa51,Love this app! This is my life in one little app,5,1,2018-02-24 08:13:00,17.0.0,en,us,0,,False,Positive,0,11,48,1,0,0.041666666666666664,3.4545454545454546,2018,2,Feb,Q1,Saturday,1,0.6931471805599453,Short,Low,17,,,26.4,Low,0.04124428008279244,0,0
84cf5585-b258-4eb7-880e-5a891b18eb31,Easy to use. Simple storage for passwords. Probably not for everyone. But perfect if you just want a single source for your passwords without all the exotic features.,5,4,2018-02-18 02:38:00,17.0.0,en,us,0,,False,Positive,0,28,166,0,0,0.024096385542168676,4.964285714285714,2018,2,Feb,Q1,Sunday,1,1.6094379124341003,Medium,Medium,17,,,39.2,Low,0.09671064455939585,0,0
982ebefa-e8b8-4043-930b-1a340f344374,"I tried MANY apps before I FINALLY found one that was conducive to my needs.  I am not familiar with all of the apps feature, however, I am happy with what I presently see.  I don't want an upgrade to PRO feature as the current is sufficient.  Thanks",5,6,2018-01-24 20:37:00,17.0.0,en,us,0,,False,Positive,0,48,250,0,0,0.084,4.166666666666667,2018,1,Jan,Q1,Wednesday,0,1.9459101490553132,Medium,Medium,17,,,51.2,Medium,0.11533730264842916,0,0
27c2dcbc-e827-49b7-83f2-39d90a206617,The app works as advertised.,5,1,2018-01-15 08:30:00,17.0.0,en,us,0,,False,Positive,0,5,28,0,0,0.03571428571428571,4.8,2018,1,Jan,Q1,Monday,0,0.6931471805599453,Very short,Low,17,,,24.0,Low,0.033505884850607646,0,0
78669449-84df-40c4-a65e-224a7f1811f2,Not too bad,5,1,2018-01-08 05:40:00,17.0.0,en,us,0,,False,Positive,0,3,11,0,0,0.09090909090909091,3.0,2018,1,Jan,Q1,Monday,0,0.6931471805599453,Very short,Low,17,,,23.2,Low,0.026962701941173037,0,0
7715fcf6-c017-4edc-8fc4-d23a9daa6999,"Potentially a great app except for the following points which I could notice in the short period of use: 1. Does not REQUIRE an account - which means if anyone gets access to your phone, they can see your passwords! Unsecure, uhh? 2. Description doesn't give any idea about encryption of your data on the phone! 3. Sync to DropBox/GoogleDrive could be automated!",3,0,2017-12-13 22:54:00,Unknown,en,us,0,,False,Neutral,1,63,362,3,1,0.04696132596685083,4.761904761904762,2017,12,Dec,Q4,Wednesday,0,0.0,Long,No votes,Unknown,,,84.0,High,0.971126058224364,1,1
0b8d7005-b436-4e72-86a4-1572619289e4,"Does what it's supposed to do, easy to use. Very customizable. Can't find any negatives. Let's hope it stays that way.",5,2,2017-11-19 00:36:00,17.0.0,en,us,0,,False,Positive,0,21,118,0,0,0.03389830508474576,4.666666666666667,2017,11,Nov,Q4,Sunday,1,1.0986122886681098,Medium,Low,17,,,32.4,Low,0.19522435973397462,0,0
8a2b8c3a-d898-4c2a-adf7-764b6575afe4,Love this app. It's so clear and easy to se each password saved.,5,3,2017-11-01 14:26:00,17.0.0,en,us,0,,False,Positive,0,13,64,0,0,0.03125,4.0,2017,11,Nov,Q4,Wednesday,0,1.3862943611198906,Short,Medium,17,,,31.2,Low,0.09248760917674408,0,0
2a3756d6-43dc-409b-aad9-9400886fcba7,Nice to have my passwords all in one place.,5,7,2017-11-01 04:56:00,17.0.0,en,us,0,,False,Positive,0,9,43,0,0,0.023255813953488372,3.888888888888889,2017,11,Nov,Q4,Wednesday,0,2.0794415416798357,Short,Medium,17,,,37.6,Low,0.07270027836871816,0,0
eac3fa63-3bcc-4ef4-8a22-2a64cc81229f,Great app!,5,2,2017-10-21 18:30:00,17.0.0,en,us,0,,False,Positive,0,2,10,1,0,0.1,4.5,2017,10,Oct,Q4,Saturday,1,1.0986122886681098,Very short,Low,17,,,24.8,Low,0.04475747350052297,0,0
e770dfcb-af28-4b19-89c6-d44a63e39934,Works great for my needs.,5,2,2017-09-25 06:59:00,16.0.2,en,us,0,,False,Positive,0,5,25,0,0,0.04,4.2,2017,9,Sep,Q3,Monday,0,1.0986122886681098,Very short,Low,16,,,26.0,Low,0.11481960880480942,0,0
72f06b2d-fcfa-49b5-9685-ca587167479e,Ok good app...very safe and useful,5,1,2017-09-23 01:26:00,16.0.2,en,us,0,,False,Positive,0,6,34,0,0,0.029411764705882353,4.833333333333333,2017,9,Sep,Q3,Saturday,1,0.6931471805599453,Short,Low,16,,,24.4,Low,0.1761465095603057,0,0
e990717c-d0a3-48b3-abe9-87cd0a4829b7,Good app. Easy to save all my information. Have been saver many times.,5,2,2017-08-29 20:28:00,16.0.2,en,us,0,,False,Positive,0,13,70,0,0,0.04285714285714286,4.461538461538462,2017,8,Aug,Q3,Tuesday,0,1.0986122886681098,Short,Low,16,,,29.2,Low,0.1415487385695963,0,0
40667adf-3d81-4ffd-9938-626f02740aae,"I like this app, just wish there was some way to recover all my passwords I had before i changed phones. I tried to find a backup and have been unsuccessful.",4,0,2017-08-26 23:43:00,Unknown,en,us,1,0.0763888888888889,False,Positive,0,31,157,0,0,0.01910828025477707,4.096774193548387,2017,8,Aug,Q3,Saturday,1,0.0,Medium,No votes,Unknown,Within 1 day,1.0,52.4,Medium,0.302186682048633,0,0
0f0172ba-87ef-4f95-986d-7d697ca6a3a1,Efficient and well designed,5,0,2017-08-01 01:06:00,16.0.2,en,us,0,,False,Positive,0,4,27,0,0,0.037037037037037035,6.0,2017,8,Aug,Q3,Tuesday,0,0.0,Very short,No votes,16,,,21.6,Low,0.1122729837373751,0,0
cb67f0d3-04b8-4dbd-9676-bf3d2ce31fe7,Good one.,5,1,2017-07-29 19:53:00,16.0.2,en,us,0,,False,Positive,0,2,9,0,0,0.1111111111111111,4.0,2017,7,Jul,Q3,Saturday,1,0.6931471805599453,Very short,Low,16,,,22.8,Low,0.0878518574764965,0,0
4ad33523-692b-4155-8532-de70516be605,Loving it so far. It was easy to load all my info and I really like the look of it. I gave it a 4 though because it doesn't have an auto lock. You have to log out for it to lock up again. Would love to see this security feature added.,4,4,2017-07-23 22:38:00,16.0.2,en,us,1,4.106944444444444,False,Positive,0,52,234,0,0,0.02564102564102564,3.519230769230769,2017,7,Jul,Q3,Sunday,1,1.6094379124341003,Long,Medium,16,2-7 days,1.0,68.0,Medium,0.6859469101256324,1,0
c1134f24-fbd9-437e-9721-807cf238b30f,Good app that stores my passwords and backup to Google Drive.,4,2,2017-07-23 08:47:00,16.0.2,en,us,0,,False,Positive,0,11,61,0,0,0.04918032786885246,4.636363636363637,2017,7,Jul,Q3,Sunday,1,1.0986122886681098,Short,Low,16,,,48.4,Medium,0.4700046942493763,0,0
7e28ba65-030c-4c9e-a6bb-00771e85b4d5,Love the app,5,1,2017-07-20 12:33:00,16.0.2,en,us,0,,False,Positive,0,3,12,0,0,0.08333333333333333,3.3333333333333335,2017,7,Jul,Q3,Thursday,0,0.6931471805599453,Very short,Low,16,,,23.2,Low,0.13104117428642117,0,0
6236ca6d-1e3d-4b43-9425-b9e2ea8a6c40,"When I retrieve stored information from Google drive, it becomes unrecognisable. How can it be possible to retrieve information the same as uploaded?",4,1,2017-07-19 21:06:00,16.0.2,en,us,1,0.12291666666666666,False,Positive,0,23,149,0,1,0.026845637583892617,5.521739130434782,2017,7,Jul,Q3,Wednesday,0,0.6931471805599453,Medium,Low,16,Within 1 day,1.0,55.2,Medium,0.5683429000251871,1,0
c9cd0cd0-b63f-4831-a8ce-46cac5955754,"While it does not auto-sync, it can store it's data on Google Drive and DropBox, so it can be accessed across all platforms. It also does lack an auto-close feature. Otherwise, a very useful app. I especially like the one click copy to clipboard, very handy! Also has a password generator, way cool! A few small tweeks, and this app would rock!",4,1,2017-07-12 16:49:00,16.0.2,en,us,1,15.35138888888889,False,Positive,0,62,344,3,0,0.029069767441860465,4.564516129032258,2017,7,Jul,Q3,Wednesday,0,0.6931471805599453,Long,Low,16,8-30 days,0.0,62.0,Medium,0.3922854930024208,0,0
e87a5f5c-90e4-4143-a933-985086811b4d,"Does what I need it to do. Would like to see some sort of auto close option for app when phone sleeps or shuts down. Other than that, good app",4,2,2017-07-06 05:54:00,16.0.2,en,us,1,21.808333333333334,False,Positive,0,30,142,0,0,0.028169014084507043,3.7666666666666666,2017,7,Jul,Q3,Thursday,0,1.0986122886681098,Medium,Low,16,8-30 days,0.0,56.0,Medium,0.3985911374884823,0,0
3b5c51ea-8263-4839-8626-47df3c1f69ba,Great to store password,4,1,2017-07-02 19:41:00,16.0.2,en,us,0,,False,Positive,0,4,23,0,0,0.043478260869565216,5.0,2017,7,Jul,Q3,Sunday,1,0.6931471805599453,Very short,Low,16,,,43.6,Low,0.36602944220125094,0,0
84e53c91-91f7-4581-800a-e07ef41bc6b6,Awesome,5,1,2017-06-24 03:19:00,16.0.2,en,us,0,,False,Positive,0,1,7,0,0,0.14285714285714285,7.0,2017,6,Jun,Q2,Saturday,1,0.6931471805599453,Very short,Low,16,,,22.4,Low,0.07260037155630647,0,0
8d62d61f-b5a5-4c54-8e9c-1f301e8e5ab6,Very 👍 nice app,4,3,2017-06-21 17:03:00,16.0.2,en,us,0,,False,Positive,0,4,15,0,0,0.06666666666666667,3.0,2017,6,Jun,Q2,Wednesday,0,1.3862943611198906,Very short,Medium,16,,,47.6,Medium,0.33500369487298337,0,0
9abc95be-2575-4e7b-ade7-13b9f0d6f43d,It is easy to use and has a nice screen layout.,5,3,2017-06-18 21:22:00,16.0.2,en,us,0,,False,Positive,0,11,47,0,0,0.02127659574468085,3.3636363636363638,2017,6,Jun,Q2,Sunday,1,1.3862943611198906,Short,Medium,16,,,30.4,Low,0.11925507580322534,0,0
7c6d3a53-7ed0-4e51-ae5b-41b1948323ed,Very handy  No problems at all.,5,3,2017-06-10 22:51:00,16.0.2,en,us,0,,False,Positive,0,6,31,0,0,0.06451612903225806,4.166666666666667,2017,6,Jun,Q2,Saturday,1,1.3862943611198906,Short,Medium,16,,,28.4,Low,0.20555516508162555,0,0
d5934474-9ebd-41c5-b35a-052643ea0d78,"Simple and best password manager... Lovely UI and Icons... If the option to add more fields is given, then it can be used for many purposes... Keep up the good work...",5,9,2017-05-31 10:35:00,16.0.2,en,us,0,,False,Positive,0,31,167,0,0,0.041916167664670656,4.419354838709677,2017,5,May,Q2,Wednesday,0,2.302585092994046,Medium,Medium,16,,,50.4,Medium,0.13575165223511498,0,0
9c0c66ed-d7bf-4cdd-8ec8-9d599d619bee,It is nice and very well simple to use,5,4,2017-05-24 05:55:00,16.0.2,en,us,0,,False,Positive,0,9,38,0,0,0.02631578947368421,3.3333333333333335,2017,5,May,Q2,Wednesday,0,1.6094379124341003,Short,Medium,16,,,31.6,Low,0.0536160728879384,0,0
6e9bd0f5-06cc-4ee6-b127-18493c6746d7,Good done,5,2,2017-05-19 10:13:00,16.0.2,en,us,0,,False,Positive,0,2,9,0,0,0.1111111111111111,4.0,2017,5,May,Q2,Friday,0,1.0986122886681098,Very short,Low,16,,,24.8,Low,0.03975820955729291,0,0
8032fdb9-d2cb-4547-95a5-7f6f5b7a9968,So far so Good,5,2,2017-05-15 03:40:00,16.0.2,en,us,0,,False,Positive,0,4,14,0,0,0.14285714285714285,2.75,2017,5,May,Q2,Monday,0,1.0986122886681098,Very short,Low,16,,,25.6,Low,0.09123942045945473,0,0
8b613100-cb0e-446e-89c0-66ef21811dc5,Super and easy,5,3,2017-04-20 21:32:00,10.5.3,en,us,0,,False,Positive,0,3,14,0,0,0.07142857142857142,4.0,2017,4,Apr,Q2,Thursday,0,1.3862943611198906,Very short,Medium,10,,,27.2,Low,0.037763778396141985,0,0
8f41fb4e-89bb-4cb2-a258-4179d7ebe783,Amazing,5,0,2017-04-10 04:11:00,Unknown,en,us,0,,False,Positive,0,1,7,0,0,0.14285714285714285,7.0,2017,4,Apr,Q2,Monday,0,0.0,Very short,No votes,Unknown,,,20.4,Low,0.025343969134236997,0,0
189fded4-5388-4d12-9fe6-bd89992d8219,Great Password Keeper! Easy to store and retrieve. Thanks so much for the work and dedication put into this app!!!,5,2,2017-03-08 10:38:00,10.5.1,en,us,0,,False,Positive,0,20,114,4,0,0.043859649122807015,4.75,2017,3,Mar,Q1,Wednesday,0,1.0986122886681098,Short,Low,10,,,32.0,Low,0.028858306706765396,0,0
44244801-c2c9-47ba-811b-3ef8140dbbd7,"Great app, simple to use.",5,1,2017-02-09 00:27:00,10.4.1,en,us,0,,False,Positive,0,5,25,0,0,0.04,4.2,2017,2,Feb,Q1,Thursday,0,0.6931471805599453,Very short,Low,10,,,24.0,Low,0.02845047733102957,0,0
b8cb4951-0e2c-47f2-b5b2-cc89daeab783,Easy to use and flexible with good choice of icons to go with the passwords,5,2,2017-02-05 13:17:00,10.5.0,en,us,0,,False,Positive,0,15,75,0,0,0.013333333333333334,4.066666666666666,2017,2,Feb,Q1,Sunday,1,1.0986122886681098,Short,Low,10,,,30.0,Low,0.06043277513586001,0,0
a3bf82b7-da8e-43ed-b2a4-b540a1dba49b,good,5,0,2017-01-11 21:55:00,10.3.1,en,us,0,,False,Positive,0,1,4,0,0,0.0,4.0,2017,1,Jan,Q1,Wednesday,0,0.0,Very short,No votes,10,,,20.4,Low,0.036678521962417936,0,0
91635daa-e90e-46c9-9878-d4a3806c3c2e,I loved this while inputting my passwords.  Very easy to use.  But I never selected a security code and closed out the app. Now I cannot regain access. There is no option to recover account 😟,3,2,2016-12-05 18:57:00,7.1.1,en,us,1,0.011805555555555555,False,Neutral,1,36,191,0,0,0.03664921465968586,4.277777777777778,2016,12,Dec,Q4,Monday,0,1.0986122886681098,Medium,Low,7,Within 1 day,1.0,78.4,High,0.8879061212020217,1,0
7019dc83-4864-4e4d-8066-3d33e2dfbac2,I really loved this app until I had to do a factory reset and everything was lost. It was simple and easy to use.   Really wish it had a backup/restore feature. Now I need to look for a different app and type all my passwords again.  Not taking a chance of losing them so installing an app with backup/restore/sync.,3,2,2016-11-21 15:29:00,7.1.1,en,us,1,,True,Neutral,1,59,315,0,0,0.022222222222222223,4.305084745762712,2016,11,Nov,Q4,Monday,0,1.0986122886681098,Long,Low,7,,0.0,84.0,High,0.9588149039389487,1,0
0b454386-5872-40e9-8c2e-78d335429021,It's perfect just looks like a regular email list for sum1 forgetful like myself and its free a beautiful lil app,5,4,2016-11-17 18:36:00,7.1.1,en,us,0,,False,Positive,0,21,113,0,0,0.008849557522123894,4.428571428571429,2016,11,Nov,Q4,Thursday,0,1.6094379124341003,Medium,Medium,7,,,36.4,Low,0.2755721805512644,0,0
af4a0483-3bfd-4d58-895c-9e7ceaf3ffec,Good App,5,0,2016-10-31 10:46:00,7.1.1,en,us,0,,False,Positive,0,2,8,0,0,0.25,3.5,2016,10,Oct,Q4,Monday,0,0.0,Very short,No votes,7,,,20.8,Low,0.0993864085523868,0,0
4c1a3caf-fa85-46ff-8b8f-599613310f48,Awesome app. Very easy to use and understand.,5,2,2016-10-30 01:52:00,7.1.1,en,us,0,,False,Positive,0,8,45,0,0,0.044444444444444446,4.75,2016,10,Oct,Q4,Sunday,1,1.0986122886681098,Short,Low,7,,,27.2,Low,0.1500515946969784,0,0
13f77ccb-08a8-484b-8cc6-430163d99a6f,This good app but should have back up feature for the data stored.,4,6,2016-10-29 09:19:00,7.1.1,en,us,1,0.09722222222222222,False,Positive,0,13,66,0,0,0.015151515151515152,4.153846153846154,2016,10,Oct,Q4,Saturday,1,1.9459101490553132,Short,Medium,7,Within 1 day,1.0,57.2,Medium,0.37048607226123603,0,0
bacf84c8-f2d3-4fa5-b788-c71f5979b93e,🌟🌟🌟🌟🌟,5,1,2016-10-26 06:43:00,7.0.1,en,us,1,,True,Positive,0,1,5,0,0,0.0,5.0,2016,10,Oct,Q4,Wednesday,0,0.6931471805599453,Very short,Low,7,,0.0,22.4,Low,0.08871520534420038,0,0
9a488445-8e09-48e1-ad3b-d60dd8ea0a9d,Sagarkumar,2,0,2016-10-23 06:48:00,7.0.1,en,us,1,0.058333333333333334,False,Negative,1,1,10,0,0,0.1,10.0,2016,10,Oct,Q4,Sunday,1,0.0,Very short,No votes,7,Within 1 day,1.0,80.4,High,0.9333983861355056,1,0
56b529a6-f69d-49f1-b709-0f6494f4428d,Simply amazing,5,0,2016-10-17 16:29:00,7.0.1,en,us,0,,False,Positive,0,2,14,0,0,0.07142857142857142,6.5,2016,10,Oct,Q4,Monday,0,0.0,Very short,No votes,7,,,20.8,Low,0.22212717267791046,0,0
043e420f-517c-4497-a6a4-79c8d42e7910,Like it,2,1,2016-10-12 15:58:00,7.0.1,en,us,1,0.10277777777777777,False,Negative,1,2,7,0,0,0.14285714285714285,3.0,2016,10,Oct,Q4,Wednesday,0,0.6931471805599453,Very short,Low,7,Within 1 day,1.0,82.8,High,0.9464713336160797,1,0
137ab73d-b5f9-4e9c-b872-802eca96a81d,Love it,5,0,2016-10-11 20:26:00,7.0.0,en,us,0,,False,Positive,0,2,7,0,0,0.14285714285714285,3.0,2016,10,Oct,Q4,Tuesday,0,0.0,Very short,No votes,7,,,20.8,Low,0.14883042781807615,0,0
d0384ede-7c87-4781-a5cb-ae2f9a0b7d28,Usuful but without any login to restor if the program deleted,3,2,2016-10-09 02:51:00,7.0.1,en,us,1,0.015277777777777777,False,Neutral,1,11,61,0,0,0.01639344262295082,4.636363636363637,2016,10,Oct,Q4,Sunday,1,1.0986122886681098,Short,Low,7,Within 1 day,1.0,68.4,Medium,0.8404686409030779,1,0
a252a68e-dcd3-4dab-80dc-d406a8ecc36c,"Very nice, easy to work with, user friendly,  pleasing view",5,0,2016-10-05 08:22:00,7.0.0,en,us,0,,False,Positive,0,10,59,0,0,0.01694915254237288,4.9,2016,10,Oct,Q4,Wednesday,0,0.0,Short,No votes,7,,,24.0,Low,0.25083455910657065,0,0
463126f9-a6b4-4931-a5b4-6f814d995fc1,I think it's best apps I will give it 5 stars,5,2,2016-10-02 11:17:00,7.0.0,en,us,0,,False,Positive,0,11,45,0,0,0.044444444444444446,3.1818181818181817,2016,10,Oct,Q4,Sunday,1,1.0986122886681098,Short,Low,7,,,28.4,Low,0.2767431035526715,0,0
cf7889c0-f4d0-4dba-9df8-120cf1a342a8,"unfortunately, if in adding a new account you go to browser to copy the URL, you'll return to this password manager to find your email address and password are lost. The app doesn't keep them. So you've got to remember every detail in one go. I've looked at several other password managers and none had such a good interface as this. Simple, logical.  But the above shortcoming needs to be addressed.",3,2,2016-09-30 11:40:00,7.0.0,en,us,1,0.5361111111111111,False,Neutral,1,71,400,0,0,0.02,4.633802816901408,2016,9,Sep,Q3,Friday,0,1.0986122886681098,Long,Low,7,Within 1 day,1.0,84.0,High,0.9577241082670376,1,0
4603e53f-ab60-4b65-957b-8411fac03586,Very good and user friendly app,4,0,2016-09-24 21:56:00,7.0.0,en,us,0,,False,Positive,0,6,31,0,0,0.03225806451612903,4.333333333333333,2016,9,Sep,Q3,Saturday,1,0.0,Short,No votes,7,,,42.4,Low,0.7038593788805477,1,0
ac35de02-a5c7-4d9a-9716-4c17d5351736,It's a little cartoonish for my taste.,2,0,2016-09-22 02:25:00,Unknown,en,us,0,,False,Negative,1,7,38,0,0,0.02631578947368421,4.571428571428571,2016,9,Sep,Q3,Thursday,0,0.0,Short,No votes,Unknown,,,82.8,High,0.9351600488241795,1,1
2f55e557-1673-4781-98a7-a712adf29012,I like this app. Great app,5,0,2016-09-18 20:12:00,4,en,us,0,,False,Positive,0,6,26,0,0,0.07692307692307693,3.5,2016,9,Sep,Q3,Sunday,1,0.0,Short,No votes,4,,,22.4,Low,0.039048257101478946,0,0
146ecefd-a229-4582-b00e-5080ffb05b8a,"When I downloaded this app my expectation was that i would be able to see a list of all my apps and i can set a password for whichever ones I choose, with email id for backup. But no matter where I navigate its asking me to login with email id repeatedly. None of my apps are being listed under any category. Not sure if its just me or this app does not have any help section for novice users. Will try figuring it around for a bit else will uninstall.",2,2,2016-09-17 14:15:00,4,en,us,1,0.011111111111111112,False,Negative,1,91,452,0,0,0.017699115044247787,3.978021978021978,2016,9,Sep,Q3,Saturday,1,1.0986122886681098,Long,Low,4,Within 1 day,1.0,104.0,High,0.960062714363236,1,0
bbef3543-6ead-48e1-88e6-389007587966,"Simple and cute. I like that we can add a password to protect our info,  too.",4,1,2016-09-16 08:51:00,4,en,us,0,,False,Positive,0,16,77,0,0,0.025974025974025976,3.8125,2016,9,Sep,Q3,Friday,0,0.6931471805599453,Short,Low,4,,,48.4,Medium,0.1862873915833831,0,0
b64d3c59-a6bf-44d9-8532-915a919bd5f5,This app doesn't need even a single permission.,5,0,2016-09-15 10:54:00,4,en,us,0,,False,Positive,0,8,47,0,0,0.02127659574468085,5.0,2016,9,Sep,Q3,Thursday,0,0.0,Short,No votes,4,,,23.2,Low,0.06752001957736005,0,0
3051daeb-6d7c-4373-a71d-647d388c7646,This app is simple and visually pleasing. It allows a number of options for filtering apps based on their function and assigning icons to each app for easier identification. The whole app can be protected with a password as well. My only complaint is that the password isn't required every time you open the app as long as the app is still running in the background.,5,1,2016-09-14 06:30:00,4,en,us,0,,False,Positive,0,66,366,0,0,0.01092896174863388,4.5606060606060606,2016,9,Sep,Q3,Wednesday,0,0.6931471805599453,Long,Low,4,,,42.0,Low,0.06846784871572213,0,0
053074b2-cad6-43a4-94c4-0dc4c7bd6d46,Looks good so far,5,1,2016-09-13 20:57:00,4,en,us,0,,False,Positive,0,4,17,0,0,0.058823529411764705,3.5,2016,9,Sep,Q3,Tuesday,0,0.6931471805599453,Very short,Low,4,,,23.6,Low,0.036620061486332414,0,0
518e0b64-dcfe-4862-814f-319ac079b68e,Simple but effective,5,0,2016-09-12 22:01:00,4,en,us,0,,False,Positive,0,3,20,0,0,0.05,6.0,2016,9,Sep,Q3,Monday,0,0.0,Very short,No votes,4,,,21.2,Low,0.037800527916332635,0,0
5dcd42c0-64a0-4c1c-9d30-0d90845a3705,I like the recognizable icons for identifying seperate accounts.,4,0,2016-09-10 00:49:00,4,en,us,0,,False,Positive,0,9,64,0,0,0.015625,6.222222222222222,2016,9,Sep,Q3,Saturday,1,0.0,Short,No votes,4,,,43.6,Low,0.27108345363570235,0,0
ab0b106b-cacb-4e54-9ab8-63cba5d15574,Colorful and pleasing to the eye.  Very simple to use.  I really appreciate that it doesn't ask for access to anything on your phone.  And there are no ads.  Very happy with this.,5,5,2016-09-04 05:09:00,4,en,us,0,,False,Positive,0,33,179,0,0,0.027932960893854747,4.333333333333333,2016,9,Sep,Q3,Sunday,1,1.791759469228055,Medium,Medium,4,,,43.2,Low,0.12231771873034843,0,0
1094d763-3d6a-4d53-9ceb-219627306efe,Love it,5,1,2016-09-01 20:45:00,4,en,us,0,,False,Positive,0,2,7,0,0,0.14285714285714285,3.0,2016,9,Sep,Q3,Thursday,0,0.6931471805599453,Very short,Low,4,,,22.8,Low,0.03551455961838335,0,0
b454b56c-6171-49bb-a04b-b878095b83e2,Awesome,5,1,2016-08-31 06:53:00,Unknown,en,us,0,,False,Positive,0,1,7,0,0,0.14285714285714285,7.0,2016,8,Aug,Q3,Wednesday,0,0.6931471805599453,Very short,Low,Unknown,,,22.4,Low,0.03517334623075188,0,0
